{"Vibrant":{"rgb":[16.630434782608656,60.97826086956518,238.36956521739134],"population":0},"LightVibrant":{"rgb":[212,220,252],"population":11},"DarkVibrant":{"rgb":[8.647826086956503,31.708695652173898,123.9521739130435],"population":0},"Muted":{"rgb":[122,111,81],"population":41},"LightMuted":{"rgb":[176,192,218],"population":8},"DarkMuted":{"rgb":[86,82,54],"population":40}}